ID,Pred
1826,0.22696154437577454
1,0.21374374778029337
10476,0.09408003058284971
1386,0.10119095733619135
5371,0.1016021353653022
7348,0.24178028411272542
4073,0.2732315258967503
1991,0.10442228631512383
4047,0.1992455813918724
9477,0.1992455813918724
2079,0.261986068066872
5642,0.11598414023806292
10530,0.2015754737992441
2964,0.12617647765868428
10311,0.16784154488461386
837,0.11318173289247432
10521,0.11318173289247432
10175,0.1057838547847511
1473,0.10196699112616273
2795,0.1031692362546315
2285,0.16369277375003966
115,0.16794457853023478
10470,0.10099088786183515
4065,0.16893017541992592
10968,0.1985285219259075
5985,0.10239214267880409
5430,0.1940720991256149
8432,0.1940720991256149
453,0.10725338160352516
9687,0.1907357644983897
8890,0.16551055759487304
9264,0.3539163154362535
5824,0.10771265410482832
5794,0.20115518597144
3068,0.1237697319609776
7962,0.32966580465775847
2681,0.2078710817125887
10141,0.12741897857693638
3725,0.3588884138757335
3767,0.19702603585037945
5585,0.1016021353653022
7030,0.2979937260392487
1524,0.21101615662306647
3657,0.1016021353653022
5740,0.10308988104134047
9595,0.30606807238971606
3158,0.10307015853078971
5114,0.1896847046505459
340,0.1911479566342263
8805,0.1698767132638973
1241,0.10537759055575308
1402,0.27301393449124517
7264,0.10043595634891796
1619,0.3039264742733798
6398,0.10148070332166963
1857,0.0980101512297011
4877,0.10155203749121941
3066,0.12313481932166759
10286,0.22720935645088733
1992,0.18699621738321523
4246,0.12675977269213368
10623,0.10437218844104101
4867,0.10212510230063136
3112,0.10437218844104101
4865,0.17761561320833738
6287,0.10316877587542422
4405,0.19120318478529608
5332,0.20325785296260046
1519,0.10212510230063136
9080,0.10212510230063136
1772,0.38165255649469143
5341,0.28382691983514113
5510,0.17533410283407425
3887,0.10123658327633286
7022,0.29207117553767525
9999,0.23525896771452712
10352,0.09995272749380392
7919,0.39383942041415687
4114,0.36781383148025687
7990,0.12327300389354268
9888,0.20174304826610456
4399,0.20174304826610456
4452,0.1680153411294962
4785,0.19544236764032782
8461,0.10171667020831063
3878,0.10277245555883123
9612,0.1239261229297031
4098,0.10041689692740777
158,0.24530401754215284
3896,0.10240759979797069
9970,0.09191958916276943
4002,0.2040801953815336
10914,0.09807691957821969
7279,0.2067685611639982
10582,0.18923417785742555
4470,0.09868275950876297
6183,0.09868275950876297
6379,0.10044572816345612
8601,0.2877274673282271
4827,0.19432459982578984
6715,0.2044765244301543
10676,0.22543296399994514
1041,0.19525404821167253
492,0.19525404821167253
11133,0.19525404821167253
4491,0.2376154604087507
873,0.2376154604087507
1631,0.2802060166421718
8278,0.36545930542654026
6815,0.23096080943090105
254,0.19256294910952473
1349,0.10041689692740777
2534,0.10093957663248318
2130,0.10041689692740777
2296,0.10336343777685666
3799,0.1960554931808387
11084,0.19610378664510922
5172,0.19610378664510922
9504,0.2271737667268854
850,0.18995996889884634
4477,0.18591345330799217
1945,0.2877274673282271
7685,0.10211415796205164
6310,0.10211415796205164
10832,0.1891963456737572
3025,0.1630302150172206
2404,0.15720385149446106
8581,0.19601073477228945
8755,0.25538337640166775
10177,0.24204555015537507
2429,0.24204555015537507
8920,0.20857448386459138
8430,0.10298683571546972
8619,0.10298683571546972
8996,0.20474284957306768
7233,0.36758349618009867
6678,0.10093957663248318
830,0.3503592260683007
6365,0.1246872990071566
6770,0.10170075270993671
2261,0.10181225438590129
1031,0.23380146724364206
10089,0.23263508564147917
9256,0.20660238121378702
10641,0.10041689692740777
624,0.12451710514772853
4211,0.10312627294192278
1407,0.10312627294192278
10356,0.10523869508637204
9323,0.20825933900107124
1146,0.20825933900107124
6343,0.29283836429713267
8545,0.3757190383013363
8275,0.10464334967430261
10673,0.2940561504948663
8799,0.10505452770341346
67,0.10044572816345612
9923,0.10044572816345612
2814,0.10319760711147259
2711,0.10319760711147259
4320,0.19846064900238214
10451,0.10128957468082583
4198,0.10128957468082583
10814,0.3124128746754456
944,0.15520343241827333
8151,0.12176053998974995
6184,0.3461892266233384
3498,0.21075405316415527
2870,0.1951585900768941
7342,0.20376377595301523
1911,0.27631002998716847
10862,0.1595933010356997
2546,0.0959128722825409
3005,0.35469681169966916
8318,0.3737308875969122
2930,0.26917353418163226
8216,0.1622558753242304
1212,0.20660238121378702
2541,0.10093957663248318
10659,0.10130443239334372
10905,0.16084845356587052
8910,0.16084845356587052
7349,0.10312627294192278
7872,0.22895487502278997
4290,0.10181225438590129
7408,0.12290595613714445
9986,0.10093957663248318
8235,0.19398358729299287
10949,0.3840805653539037
7284,0.10171667020831063
9529,0.35535092858825623
9930,0.23837288620085167
10270,0.10130443239334372
760,0.2078625169604085
5519,0.19379171835873255
232,0.17559373299253916
3009,0.37140082493701276
6518,0.19709595913847308
10669,0.17298087977952878
5682,0.2094187124308406
1570,0.20902768855864834
1497,0.16267231513166588
9723,0.2030514882915362
7261,0.1658335796781461
2452,0.1658335796781461
5621,0.1658335796781461
10995,0.10130443239334372
7373,0.16861235295712496
5331,0.3755644257799591
263,0.1210139912871822
4619,0.21111604443755197
940,0.1532690383531619
10084,0.09965572084995426
6019,0.10728372694635452
1463,0.10052839860337233
6424,0.0993607753607486
8233,0.1955375076446079
1515,0.09633802383518227
10855,0.16267231513166588
10909,0.3803903404540401
3376,0.09977615951918127
10232,0.16082471670495238
5547,0.3868484342273929
8362,0.3868484342273929
3524,0.10367216021008792
10095,0.27149209970709864
8897,0.19529844711081046
466,0.22511108440595284
11025,0.09965572084995426
2387,0.1658335796781461
1618,0.2243496339308686
25,0.2029272770338738
3277,0.1642290284188027
8566,0.10464334967430261
2634,0.10249076002343857
8036,0.09697375217359269
8159,0.09965572084995426
7628,0.10247901372291215
9597,0.2113461660882675
1384,0.10312627294192278
10150,0.31700734141325393
3885,0.10652255086890097
11003,0.10130443239334372
8026,0.18622697506814379
577,0.10148859977630227
8702,0.10148859977630227
5429,0.10581570378086701
977,0.1860603524335033
2793,0.21130761914885518
1071,0.21130761914885518
5074,0.10319760711147259
2632,0.19177801522396185
6404,0.15929174027873366
10240,0.31640734380072755
2521,0.10319760711147259
4301,0.10319760711147259
7381,0.3285693893945797
2407,0.3188678904988429
9064,0.3188678904988429
5067,0.31456859400799003
10281,0.18591345330799217
11191,0.12240032614012458
1994,0.10181225438590129
2552,0.20213315428464007
6720,0.1857217990041575
4557,0.10170075270993671
1183,0.10207958199432772
4186,0.1008303021795227
1419,0.1008303021795227
967,0.19409963370922834
1048,0.10172958394598508
9262,0.1239261229297031
3427,0.20693515282106165
5892,0.16694829971983421
8911,0.20015497586728592
6606,0.20853412553859166
2677,0.15867889874884197
252,0.20566567271873937
9860,0.1172434029146168
1388,0.10170075270993671
979,0.10170075270993671
7494,0.1660858552357568
10490,0.17460272032500357
3403,0.35380783471285576
2715,0.10238830442755896
4828,0.18670651828457974
92,0.10170075270993671
3312,0.10170075270993671
11176,0.19366532120619318
1446,0.26677181876473083
9699,0.1938714719767493
9790,0.26841423802833886
2324,0.19888265098331484
5080,0.2461599628203424
4992,0.10172958394598508
7849,0.23317979883609766
4808,0.12251182781608916
10401,0.12517681545481385
7793,0.1996063861030895
9303,0.10375483065000413
6853,0.32727038696650257
7366,0.32727038696650257
9780,0.19045541333890154
7573,0.10652255086890097
1379,0.1253315724808644
8923,0.32803379838190333
3547,0.10249076002343857
8707,0.2958601942867455
1891,0.3694058387400907
6271,0.10769713219846945
9635,0.12364442739431045
9727,0.12240032614012458
6205,0.10290416527555352
10681,0.19737938645585767
5156,0.19737938645585767
3050,0.15529832389590975
8164,0.3830871696466941
5626,0.19668884400727982
7600,0.10459429610741029
6406,0.3245313385073588
7002,0.1532690383531619
8234,0.10399895069534089
6116,0.0959128722825409
291,0.1768983724202891
8779,0.11838689032244404
4931,0.37097436358425506
1650,0.3512261986862965
9701,0.11831044432427873
6431,0.10377067192088454
10789,0.10377067192088454
5302,0.30171523709461867
4459,0.10240759979797069
10642,0.10240759979797069
9213,0.10181225438590129
3678,0.19409963370922834
3698,0.3807990753183036
5929,0.10373258862915907
10795,0.10373258862915907
4390,0.19178643501291479
9362,0.19163164762622661
1577,0.3680747005330197
4609,0.19988777848354558
7143,0.19129675134822885
1729,0.2911517839550197
10664,0.18354868561555088
5029,0.12597340037501717
10507,0.18595093456222364
3865,0.11891438114148842
6982,0.32608665466831405
7042,0.12150603086953429
9668,0.09961763755822883
6878,0.17625427383856698
4099,0.10108566072371633
5031,0.38561429073173104
1970,0.10040764487173069
5726,0.10158222620129913
5231,0.10134124203161633
1307,0.09657081312100672
10609,0.10068576419193699
5782,0.19477843406742953
7533,0.12297197875161285
9493,0.38536767526602267
2253,0.12254641023135772
2326,0.12254641023135772
1876,0.12254641023135772
7141,0.11749010280083104
7393,0.09950836310526831
4713,0.10373258862915907
5093,0.10567516489326191
8524,0.10567516489326191
3766,0.23281895478953443
9725,0.1039121808916164
8933,0.10133443968811101
10779,0.12237600444547239
9289,0.10167643101528451
2613,0.10638980959481412
10133,0.4127441318008107
8443,0.10020840784979701
10796,0.10322761440623987
10241,0.12336078481240097
3388,0.1638756926993856
6507,0.09334882457350666
7446,0.1983293269896804
87,0.1005732636106575
10477,0.10432335892072725
6072,0.3857267215011654
2518,0.12259960873494746
247,0.17638381814247267
9463,0.2960218641733119
1459,0.1860256709135458
9530,0.10108108560321508
9653,0.10020840784979701
10785,0.10009913339683649
9392,0.10108108560321508
3769,0.10579138208621476
10146,0.10579138208621476
4741,0.18879304236545477
1880,0.10421408446776677
6471,0.1021729964928673
5718,0.3224112088988162
3478,0.1948970763597783
7848,0.1305363974296452
7999,0.3804714487060004
11101,0.22524042644889744
9212,0.3116445903301489
10983,0.23456284800906477
3629,0.10020840784979701
4673,0.2521469973463957
796,0.21236379790802196
618,0.2022263678771521
380,0.34977177575689616
1092,0.20680039270717107
8962,0.10088914071033836
8207,0.09899446233892291
6521,0.22167448978719373
535,0.21700320413147597
4608,0.21700320413147597
11086,0.10386312732472408
1064,0.10579138208621476
7000,0.22548951363459163
1581,0.10108108560321508
7384,0.20057202902678603
10552,0.1579615041058251
6409,0.25042005873502193
9507,0.17271693736631288
9560,0.363837386074088
10991,0.1962558481983498
4712,0.12308185213511853
11056,0.2472740980411178
7414,0.11533379174056545
3076,0.18786177635783322
6355,0.09267181152807258
7959,0.23600106385202732
5512,0.180152017515403
10102,0.3316496145653993
9369,0.2402981475595248
3711,0.38710233125726295
6931,0.20873319907396654
9596,0.2235421933221688
2727,0.15415567086008378
8416,0.1009695839272505
3967,0.23575737991836007
2139,0.1021729964928673
2162,0.18465011677169582
9242,0.3732604903071345
10595,0.12375161420156994
4855,0.1077339583503176
5049,0.1077339583503176
4967,0.16929812680307887
5255,0.1837917253748569
9215,0.20713298517484569
3525,0.09979722982068616
3619,0.21126116323545477
4415,0.09892455206726805
3645,0.10432335892072725
4692,0.11765572153975785
3955,0.1228770655051306
5313,0.10088914071033836
7196,0.09765944035242093
1381,0.17369248262378623
10951,0.15503512913266315
4322,0.2728677094631962
7444,0.10118258254625745
2942,0.17777865276147448
2874,0.10204128677614502
3667,0.39670175039508215
3697,0.10020840784979701
9955,0.10020840784979701
5320,0.11532130596907822
6422,0.2509136322997345
3690,0.38848957985340044
2408,0.19145165341403544
9260,0.3738279874693417
9648,0.15823436161043297
4939,0.15325535106794896
8652,0.15325535106794896
4702,0.381949162756087
2587,0.1054979402502957
2811,0.09999267870097622
9150,0.09999267870097622
10127,0.16286191173161044
5493,0.10055840589813965
2666,0.19917293666386113
10099,0.19786907012054353
10562,0.23637904832590453
7881,0.23637904832590453
6721,0.22340408873656536
5204,0.3316496145653993
5209,0.19289146261555193
10128,0.2030514882915362
9284,0.2030514882915362
8643,0.3652129958301856
1685,0.33381534262043133
2877,0.19405284779352894
8369,0.10108108560321508
6233,0.20786219620311233
195,0.15951821739296193
1501,0.36554189235831686
10846,0.19958914197900565
8341,0.10579138208621476
10766,0.18165271156978008
9971,0.18165271156978008
1740,0.20873319907396654
8737,0.09481684773899417
6466,0.09678676259900283
10430,0.2924614842144837
8773,0.16286191173161044
2371,0.09892455206726805
7786,0.12228020074562206
4088,0.10432335892072725
4971,0.10432335892072725
10560,0.10696596341578321
6892,0.19791994838656435
11004,0.09839911692685349
1818,0.1077339583503176
9485,0.12523513296265545
6646,0.10243760709273801
4248,0.38307318950310865
7451,0.38307318950310865
7861,0.1988930122790923
5232,0.09825498342299317
3011,0.09825498342299317
5758,0.2685904619187879
2173,0.10243760709273801
10711,0.22973529312171603
8268,0.1712338542328788
2782,0.1712338542328788
9432,0.1009695839272505
5872,0.19063550847367058
11187,0.10356968548880503
2428,0.10020840784979701
1726,0.12347241091720003
1802,0.18990971743224985
1162,0.22260193138601303
10643,0.22260193138601303
11112,0.2955385152424747
2114,0.2859613588366606
4261,0.2859613588366606
2457,0.10386312732472408
2495,0.18949019795592487
6983,0.09971455938076995
3436,0.10167643101528451
7505,0.10146070186646373
4286,0.19939590229010754
7224,0.10039257523275555
6215,0.10039257523275555
968,0.11584398567415365
4096,0.11584398567415365
3153,0.1051004524965547
6504,0.10174784494022594
5329,0.10508676222118485
1175,0.16917181881059964
1377,0.11800442709423392
4607,0.2003682751495216
4944,0.2003682751495216
9483,0.18847978914112612
1378,0.19737557898330077
5991,0.12743219779843157
2807,0.20910103548882664
1052,0.20910103548882664
9760,0.25458857671618385
7101,0.25458857671618385
9909,0.12282333745325699
5907,0.10058723713418802
793,0.10361900727938732
8832,0.10099841516329887
2535,0.20234495439804
1523,0.10009913339683649
1839,0.12228359103608243
9972,0.10450752630368583
2945,0.10450752630368583
9291,0.10304567424628538
2829,0.19761703932820138
8594,0.10508453499818077
1592,0.37294980714498266
4310,0.32757947930938514
6950,0.09971455938076995
8492,0.33184194032723174
5684,0.09971455938076995
5909,0.21182854603631604
9855,0.21026652784436264
975,0.16024251295613173
8754,0.10519603667414533
1456,0.2294573607332621
2849,0.2294573607332621
9984,0.19740738052765558
5527,0.10020840784979701
5628,0.36109393051590244
7627,0.3964789545826886
1351,0.24337970732277825
10629,0.1005732636106575
10395,0.10239510415923657
6961,0.09979722982068616
10196,0.18454167375137065
6182,0.1009695839272505
10432,0.10167643101528451
1542,0.1721934078091139
4220,0.09746377564443692
4141,0.22265379896275153
1940,0.10108108560321508
1506,0.09968572814472156
6347,0.10386312732472408
1361,0.306676696284862
9422,0.09334882457350666
1081,0.2068859529914304
7458,0.09971455938076995
1012,0.2061985479080408
5453,0.4193968210495333
6818,0.16362308780906396
7807,0.16362308780906396
7532,0.10020840784979701
8346,0.11981616295983809
5564,0.2508951656039969
3267,0.1951118041611947
3091,0.19468252468131209
762,0.19468252468131209
8029,0.3416181769974305
4376,0.12310254073762694
10981,0.24955636396813788
486,0.24955636396813788
1158,0.10020840784979701
9119,0.1546932207080351
6694,0.20201039698704368
10573,0.20945961115375072
10140,0.38574918073360487
2286,0.09968572814472156
8420,0.12788605237080933
10065,0.12788605237080933
1029,0.12347069194864334
4207,0.2823134065952071
10277,0.10167643101528451
4436,0.12228359103608243
2929,0.12228359103608243
6281,0.18920618587475618
10390,0.10280246285359851
2574,0.25505572391069287
709,0.20906067716282692
5955,0.37148903085944945
8486,0.16845508095389994
10343,0.27465595154844374
6652,0.20521757360857326
8746,0.23801357276052088
4686,0.3785410703873914
3551,0.09341304084558776
4338,0.09862960657806241
4444,0.10167643101528451
498,0.10138298917936543
8230,0.10167643101528451
2826,0.10011282367220634
6222,0.10011282367220634
7352,0.15956001849994209
10928,0.180152017515403
10736,0.2967008388678095
10163,0.27834915516525216
6168,0.09734575079553348
4656,0.1998342073742082
626,0.09734575079553348
3870,0.23591743544833474
6299,0.20836325837255543
7798,0.17711129318702032
9973,0.18951088776261965
4299,0.3282263850068345
10971,0.1772990210717162
9931,0.16375711053006634
6679,0.12336705911952295
5961,0.10285101234485294
6255,0.12166928044207662
8614,0.17410886837394007
7828,0.1716473626553071
1277,0.23354908252000695
3595,0.19849751696193155
5735,0.4032654500221643
5350,0.4032654500221643
4137,0.2083367907525231
6357,0.18879304236545477
9316,0.12306027072733709
3578,0.11727341020938409
153,0.1234712877480014
10524,0.1906220050937288
1518,0.19525481911969383
2036,0.16718840329670862
9495,0.20521757360857326
2631,0.20521757360857326
6312,0.19701624947105703
615,0.12557695995540646
4406,0.2989305907376092
10061,0.20910103548882664
10619,0.3823974533917394
4945,0.269718692220796
1777,0.12007731510141079
4023,0.10020840784979701
7922,0.21735716634614563
10699,0.10020840784979701
7516,0.10243760709273801
3129,0.10243760709273801
5121,0.1908486235774649
2186,0.4187153214487552
10548,0.22962317103754412
6384,0.3150620377581364
2625,0.15310073506755173
1676,0.16250401184605573
5534,0.10209181517371717
6859,0.1021509841138998
271,0.16024251295613173
7699,0.16024251295613173
7832,0.3000520344380557
938,0.09892455206726805
7873,0.1643608386630098
9967,0.19408223965316615
1087,0.1029409914274017
8314,0.3867793802906705
3762,0.2102430865064669
10383,0.2364957974500985
6798,0.18669109921825605
4168,0.18669109921825605
6690,0.09971455938076995
10602,0.10020840784979701
3220,0.10020840784979701
5424,0.10020840784979701
7488,0.19322451371581453
5289,0.09771060655639399
347,0.16845508095389994
5236,0.3722308582017896
9478,0.15541901174945588
477,0.41437233610883956
7411,0.10526870238113935
3107,0.12124412888943527
7437,0.09481684773899417
255,0.10115375131020907
3790,0.10055840589813965
749,0.1009695839272505
1503,0.09491716568399877
8650,0.09734575079553348
607,0.20078795538058777
1008,0.24191793232719072
9396,0.10713861293824817
933,0.10713861293824817
5710,0.10138298917936543
2882,0.19806514735319097
2379,0.3336578799825986
5342,0.10386312732472408
3262,0.354297922040866
5832,0.2763056966348171
5025,0.09334882457350666
569,0.3834481640315406
3102,0.10137558635985076
9449,0.1929062476290148
8104,0.13976246980444462
75,0.19131516357736303
6421,0.39050072163561533
3037,0.18643231539301056
4698,0.18643231539301056
948,0.10071728876307119
6177,0.103657658504433
3517,0.10020142791507666
3491,0.24865771212428675
7610,0.1908117223878294
4377,0.17990266918997758
9850,0.10078024094778136
5544,0.30042060965385936
6497,0.17764440617230817
4543,0.37775985283161845
5117,0.21091758918485146
1448,0.0960020345272536
6887,0.18758537235700015
7500,0.18758537235700015
2724,0.09501150964042662
2256,0.10127805820741669
1100,0.10022344029404412
7725,0.1870034430896519
2612,0.3752130187070246
113,0.10090145614602976
2868,0.10237380272190406
4216,0.32941636408898434
199,0.15183364853782236
359,0.19222576219925766
8842,0.09825885165097382
2154,0.09825885165097382
6050,0.3116018955697666
9204,0.1848523872361663
4472,0.09820600776850366
6864,0.12601025589999873
10617,0.12601025589999873
3924,0.21188075801827522
5654,0.09902002772842732
9216,0.09902002772842732
8086,0.09825885165097382
9097,0.1589119364565995
7631,0.20041177594957543
7275,0.09981003504192917
8334,0.09981003504192917
1987,0.10249057982039586
2281,0.10041538518692082
7034,0.09990756319436325
2797,0.20362462716095625
3934,0.18741505428768154
2493,0.18741505428768154
3759,0.20024405230802397
965,0.1969513389119071
7378,0.2001222549642935
1859,0.37892623443378143
6263,0.09944712325591208
2072,0.2226364993058265
8908,0.2226536912218479
738,0.11346927792268907
10129,0.3287530940775765
807,0.1644088056846735
3334,0.41437233610883956
5423,0.10041538518692082
4426,0.19483057904830015
10489,0.3960547936261182
2570,0.20202876981620796
3834,0.19463071918736607
590,0.3736390934521056
4791,0.09972687481646134
5304,0.10588685774737402
2426,0.23760100514756125
35,0.10030388351095626
8041,0.2226364993058265
3584,0.33270185472729064
7718,0.15310841995010135
8605,0.1031349787993576
1646,0.09553552088294627
9206,0.19380945319566226
10757,0.1052915123353046
6885,0.10101073059899025
907,0.1721404133722628
1150,0.36955914994560657
3867,0.2096008274280684
3859,0.2096008274280684
3265,0.12221184225557151
4418,0.35701067957111177
4611,0.3759045450244399
4530,0.39488335467636104
7736,0.10071728876307119
9949,0.18858684997736958
942,0.15885251697666772
6181,0.235478841627522
7660,0.10501640721696004
2055,0.10501640721696004
5107,0.10501640721696004
1626,0.10501640721696004
6428,0.2102430865064669
9617,0.1239624045315924
4339,0.20602785677782975
7235,0.1010821445239317
8527,0.17185101713314313
1968,0.10041538518692082
9862,0.10030388351095626
11075,0.1555313616036673
6658,0.23655082890188298
4552,0.1445319434027689
10377,0.16295738739276971
5336,0.0922692349720045
10350,0.1007950014501695
11071,0.36568378380732935
11100,0.09825885165097382
6516,0.10123844513272406
1734,0.10356207432684236
2131,0.2603652281335645
6439,0.20654642835451778
10591,0.09954270743350274
9797,0.1673550084104435
9336,0.1987302018738133
2174,0.10090145614602976
3197,0.18725654818800866
9185,0.22949839496689528
905,0.09954270743350274
10858,0.19004817300826896
8925,0.2043369148224352
2499,0.1852009669759985
1109,0.10120539250042272
326,0.1595768125398375
10967,0.09825885165097382
5370,0.19258246881476804
2098,0.10324648047532219
1773,0.12199041259529254
5036,0.16365228132242537
4856,0.39368138335019615
8722,0.39368138335019615
2156,0.10354838405147254
2569,0.11922888662964523
10151,0.1978795041786386
10473,0.2032497619300657
7079,0.24200171924500502
6875,0.20421810971664126
6728,0.10295330686309309
2471,0.13745847604687167
49,0.10101073059899025
4973,0.10101073059899025
6387,0.10354838405147254
5866,0.11584653371563633
8523,0.09954270743350274
7901,0.09815856806320061
898,0.09954270743350274
10242,0.10354838405147254
5835,0.103657658504433
6919,0.10066873927181677
6197,0.10431637898600692
10475,0.15729580368953086
4201,0.18480220107467116
5092,0.1990678532451484
6566,0.27231762229676887
6613,0.19796653563174915
9094,0.18066384526743104
9847,0.18066384526743104
10767,0.28366284121809504
7943,0.09820600776850366
1055,0.09747005769274111
1458,0.10109389082445812
8402,0.19118635867797334
6246,0.327799346071197
4654,0.2634773002733649
6103,0.12133756416621966
8147,0.09825885165097382
10207,0.10041538518692082
4838,0.10041538518692082
10219,0.10101073059899025
2176,0.338758857485761
9121,0.338758857485761
5802,0.11956291078191898
10790,0.1045303362578511
178,0.20362462716095625
2308,0.1576537035750856
7431,0.3841327479638437
9405,0.10237380272190406
10525,0.10235796145102366
7503,0.41186062864667006
8783,0.18203726355868544
1403,0.10009173057732185
4643,0.09954270743350274
3463,0.21188075801827522
4055,0.10112694345675949
7010,0.2757885728147752
4767,0.2757885728147752
1927,0.17410886837394007
437,0.23078955263970702
4331,0.31273503662757846
4084,0.1984422089899636
8135,0.10180073791249213
9750,0.2582469833995952
6682,0.1018337905447935
10581,0.19940996730281454
3710,0.103657658504433
5207,0.20212980397465682
9360,0.1383634558393742
4679,0.20205698423222837
1340,0.3856402141885675
10839,0.09668005037923924
5303,0.23358457914597452
9829,0.10030388351095626
10469,0.3457267496126549
3602,0.09728589030978252
4756,0.23404976370587566
8181,0.09990756319436325
6958,0.10256191398994563
10856,0.10213676243730427
3321,0.1950584791655573
5394,0.0934948714738758
433,0.19578793210498177
6320,0.3331357271183223
5376,0.32406592727640976
1867,0.27039762632528164
4324,0.19940996730281454
3661,0.32286691807566487
521,0.19222576219925766
10403,0.09954270743350274
7186,0.10501640721696004
4329,0.1051256816699205
4394,0.3340954258703611
1717,0.12754015923107812
1016,0.10441883458188653
3783,0.10354838405147254
5848,0.3834481640315406
10727,0.3156382179412571
5299,0.3156382179412571
6872,0.16414933812648586
1143,0.09954270743350274
10381,0.10117656126437433
11007,0.1051256816699205
9145,0.2967008388678095
5267,0.10101073059899025
9738,0.10033271474700461
10212,0.10033271474700461
10010,0.10431637898600692
10069,0.10377636680889633
2694,0.10140704069143239
10613,0.0989621122996706
4646,0.23478066867829622
6935,0.23478066867829622
5596,0.19766362657338615
1044,0.21242962311722383
9274,0.2751504926428956
9076,0.1306774050485141
4947,0.38820164776922916
10176,0.1906047870564761
3507,0.2956291653612849
9235,0.09876666341938051
10341,0.1216111854714514
2639,0.09865516174341593
6201,0.09789398566596244
7397,0.19821115390123242
2181,0.2475639818698108
1204,0.3516011035540916
1170,0.15742060958199436
8812,0.09954269720935187
4690,0.19940996730281454
1715,0.09917784144849136
10821,0.15845077047737255
6543,0.33146029823359163
7119,0.1698821782833421
3518,0.10258844087808171
1245,0.2994417939488728
2561,0.2994417939488728
9624,0.20137584311692536
10509,0.0986839929794643
7629,0.09789398566596244
7875,0.36759590690250477
2815,0.09917784144849136
2936,0.10143587192748074
3665,0.09954269720935187
10888,0.21450514542182536
6637,0.1986686069009359
5077,0.1988135494094568
6173,0.1988135494094568
3969,0.10114243009156168
4580,0.40644668271827017
663,0.12403734211967965
8299,0.12403734211967965
8945,0.09993901752594488
10870,0.24825441160141076
1184,0.1983043038655879
6141,0.1572888375900742
8825,0.19507564444350273
2217,0.09989269525769454
4102,0.09989269525769454
4653,0.11558708112178877
10092,0.2969138802203048
5788,0.1146171309047298
4669,0.1000009013942946
6295,0.21222464911596298
7453,0.19047407101649438
10841,0.191657223088633
821,0.3939577680968913
3933,0.19845621929643492
1225,0.31763799385710956
7059,0.31763799385710956
5633,0.15939919393608443
843,0.19697964078345204
6211,0.10552199176236264
7007,0.0986839929794643
9671,0.09789398566596244
8975,0.09789398566596244
6616,0.16646906953180388
6248,0.41063105457114757
7428,0.2768499432336852
3075,0.17794002335273562
2937,0.20523577164077103
203,0.3939577680968913
2021,0.27578506367152117
880,0.11768311233646882
524,0.11768311233646882
10837,0.10140704069143239
7011,0.09917784144849136
4184,0.1182187197805472
7679,0.12430822044092527
7485,0.0989621122996706
7530,0.0989621122996706
4369,0.2099788160353717
10652,0.2099788160353717
286,0.11386558801513123
5922,0.12114422095315262
7250,0.19479561957936264
2478,0.09759904017675679
1160,0.09789398566596244
9214,0.1544273305476227
273,0.12295733419451677
851,0.19212733238790944
9729,0.1938768310419206
9665,0.1678299230776446
2620,0.10416547027283972
8254,0.10416547027283972
3852,0.20095633996950302
1000,0.20095633996950302
3099,0.15964958387895467
6318,0.285600488348449
5396,0.285600488348449
7966,0.23312663229864172
454,0.20717552008320705
309,0.21160197857109567
3571,0.21160197857109567
8395,0.3304947403101594
2591,0.18042721376526383
1640,0.09142100666442157
810,0.18303838685163545
9423,0.10114243009156168
4345,0.09913151918024102
89,0.10030387328680539
5294,0.09917784144849136
1321,0.09917784144849136
2686,0.11930954647287217
1215,0.32884320021012114
9283,0.09571983898215844
3120,0.10005051920190944
5868,0.10064586461397887
8143,0.15096558487766543
3479,0.1210858001931066
7214,0.2649187104782186
5543,0.19342874786120123
9347,0.10261045325704918
10160,0.10261045325704918
1406,0.1857323414049095
7019,0.11853964005960801
2157,0.09865516174341593
8939,0.19124472665711184
10250,0.11930954647287217
1272,0.2043369148224352
3007,0.09936200883144995
5513,0.09936200883144995
679,0.10541953616648303
8876,0.13043162328264862
10827,0.10395151300099553
7300,0.18741505428768154
4268,0.09613101701126928
4603,0.1987302018738133
8659,0.20514191789919017
10708,0.10101072037483938
1176,0.10005051920190944
10380,0.09996784876199323
7037,0.17020328783157318
11096,0.10673033680552313
6374,0.16826756040177318
5552,0.16158531130875464
2245,0.09944516905691779
6200,0.1981286804998778
9904,0.1976115780832919
10031,0.1199657785617875
6642,0.09865516174341593
10882,0.18958628701274638
5636,0.11739599747914634
8692,0.15858254246929274
8091,0.19186621760295314
8080,0.12184537593462634
8370,0.19822731186279807
4550,0.10261045325704918
3381,0.09944516905691779
10556,0.16622570115101223
9467,0.10140704069143239
2891,0.20837749140937187
5011,0.20837749140937187
8140,0.09613101701126928
11039,0.12620534302900777
78,0.10064586461397887
5517,0.10064586461397887
5290,0.164886985548841
4128,0.19843905401848957
8534,0.19796412171781713
9592,0.09917784144849136
8957,0.20666295222429829
9308,0.19635033021903173
544,0.19635033021903173
5989,0.311914670569543
635,0.19458596077881687
6673,0.11739599747914634
1710,0.17535325174116706
523,0.10035242277805981
8977,0.12066446762646134
9736,0.09789398566596244
1544,0.3777816695552405
6575,0.1938736731173379
6147,0.10005051920190944
6354,0.10064586461397887
4769,0.19458911870339965
7540,0.11722514891938283
5247,0.0989621122996706
5987,0.10071727853892032
9960,0.10087357914771268
10972,0.19635033021903173
1399,0.32040586273059873
2698,0.17393897237796882
6340,0.10140704069143239
4107,0.17342478844812909
10906,0.17342478844812909
2557,0.09838904749025865
8786,0.189065381658401
7187,0.18553240580812816
6119,0.10364279056776429
2980,0.0986839929794643
3850,0.10223010063723562
1077,0.20767109033622883
9733,0.10223010063723562
8462,0.10223010063723562
4764,0.11352956349031905
2223,0.33357486065155983
7788,0.09708564853420404
5827,0.09906856699553086
2958,0.09484716122874035
4954,0.16158531130875464
3139,0.38372860675506393
9952,0.20478572867061767
8180,0.1592119465548261
3276,0.09954269720935187
4994,0.38564563389206236
3598,0.19047407101649438
945,0.09917784144849136
5048,0.10200893673689268
6214,0.10219704800493425
6230,0.1550433537890471
2968,0.24125223191089645
8800,0.24125223191089645
1907,0.295875172404494
10478,0.20333177530082172
4188,0.15848765099165632
8720,0.3084451477979555
2225,0.353937474685101
4790,0.14272216865596582
1131,0.09621297078078594
202,0.24855218080589522
9589,0.24855218080589522
3900,0.1934004459896563
9958,0.1934004459896563
8955,0.10465154123194866
10033,0.10177189645229288
5751,0.10177189645229288
3308,0.09484716122874035
7297,0.09917784144849136
8008,0.09993901752594488
1232,0.25172878454364794
2345,0.25172878454364794
1628,0.21156647616866894
5081,0.09972686459231045
839,0.10446737384899007
3706,0.09917784144849136
5154,0.10219704800493425
8584,0.20935714762782723
6583,0.23677624017362187
3433,0.23677624017362187
10486,0.2095247220946877
8687,0.16980771378623505
7842,0.09789398566596244
3749,0.32884320021012114
1331,0.09917784144849136
5995,0.17474054576172393
8985,0.24271400690648398
2798,0.275485788857113
7108,0.16910726019579816
2781,0.38065879187368634
3623,0.09917784144849136
194,0.10012318490890344
10833,0.20717552008320705
2315,0.09759904017675679
6336,0.09865516174341593
10738,0.10015201614495181
8286,0.10329279251942161
2166,0.09608469474301895
10691,0.1009131922224053
9739,0.09917784144849136
1829,0.2592007314059748
6260,0.38258944065296097
10448,0.17415443833958494
1343,0.19483057904830015
4749,0.19483057904830015
531,0.3160076740234898
6905,0.23488406753003813
1045,0.1259764798444846
4012,0.25698716841026986
5529,0.20166212829754707
4001,0.20166212829754707
10420,0.10106124877241152
7723,0.3320371546438992
2963,0.3320371546438992
10634,0.18159392432765462
5180,0.10329279251942161
6866,0.10132659747452025
1328,0.18724433442802432
1139,0.33416323499810113
4961,0.09692102432477114
5177,0.16259252140775832
2075,0.1986686069009359
3428,0.33096928056432295
4500,0.33096928056432295
7369,0.09996784876199323
4381,0.16575567156897897
9964,0.1663351451320594
1630,0.1663351451320594
5012,0.10064586461397887
6918,0.10064586461397887
7822,0.18653204676654528
10156,0.23801020265204711
3033,0.12741629428312148
4119,0.12741629428312148
11110,0.10199309546601228
332,0.15805001366752772
737,0.3957214292779439
10319,0.26789116472311386
2683,0.20379494523027478
3445,0.235572468732887
10913,0.10084052651541134
4427,0.2885977392872634
8717,0.3395142825841233
2066,0.09993901752594488
3340,0.18834101223437003
8685,0.18834101223437003
4149,0.2859535060772081
8726,0.12329335871932892
2295,0.20083616603939447
3283,0.2004795850773154
1915,0.3276953382369726
800,0.09631518439422786
9166,0.19398329946108536
5147,0.3146736000834986
13,0.10552199176236264
8557,0.09993901752594488
8724,0.09993901752594488
9381,0.186022089472814
9384,0.186022089472814
3560,0.31816565630320015
241,0.31816565630320015
7521,0.31816565630320015
9799,0.20467051079591264
5123,0.12086187828180496
448,0.20165657684697527
4837,0.25263792618404624
9365,0.2603652281335645
8932,0.30252807090504474
7055,0.21188075801827522
3537,0.09917784144849136
9081,0.10182044594354732
4988,0.0989621122996706
1050,0.1205177854610331
5610,0.09936200883144995
3526,0.10347695990238019
5136,0.19697964078345204
1411,0.1986686069009359
701,0.21704576002144058
6203,0.3844792522898994
7192,0.17907611412678695
5181,0.10281615541181552
9220,0.3863234897335998
7734,0.2708753164307198
10446,0.20287260156161785
5524,0.3447960609881228
3830,0.1644211284573873
5186,0.2052074697692261
8514,0.10140704069143239
7165,0.1955844671937457
10236,0.09996784876199323
2392,0.09789398566596244
1920,0.09789398566596244
3673,0.19124472665711184
1453,0.24005026058473156
4518,0.20362462716095625
8969,0.1976115780832919
387,0.11768311233646882
1079,0.21665110760385164
164,0.14994261873077477
3434,0.2680445412399392
5721,0.3334967548968299
8418,0.09825884142682295
5300,0.10143587192748074
10424,0.2619948682576744
11171,0.17865981445504478
1600,0.17865981445504478
7851,0.2296909801652841
10701,0.272213986531344
891,0.10073125206245083
6912,0.1953496270208811
5967,0.09789398566596244
2109,0.32504651963046555
6292,0.3853336874667874
8537,0.3335712332691964
9576,0.10523536878352445
5935,0.1931589856447557
10264,0.10064586461397887
234,0.10064586461397887
3202,0.2843154502789955
1103,0.3517286107537595
610,0.20224418821761614
4480,0.17360691101173858
10660,0.17306501791779386
9353,0.18115300480668461
4120,0.12874465495088608
2836,0.10416547027283972
9579,0.10319720834183098
5841,0.1982394557727773
3174,0.35101632309228054
5536,0.35101632309228054
2061,0.09993901752594488
8477,0.10055028043638821
640,0.20362462716095625
3828,0.2519558778852342
4093,0.17689533485626943
8624,0.22214886448746232
2802,0.22331524608962527
368,0.15693093770451946
3599,0.30199433597998665
3389,0.2912673988850775
10710,0.10005051920190944
7118,0.30649897690861705
4937,0.09972686459231045
1127,0.3901456626872875
833,0.0986839929794643
3565,0.0986839929794643
6086,0.31917412256087596
1763,0.4014024176246924
4697,0.17952847541179337
182,0.17266191622248062
1165,0.20087314690991426
5386,0.40691720761162126
6024,0.40691720761162126
2678,0.10112041771259421
5790,0.09917784144849136
236,0.09865516174341593
6001,0.20362462716095625
6250,0.20671235015375392
1168,0.32629397536097976
10749,0.17691394005102906
2926,0.30140023883476996
716,0.2058677089406109
6544,0.2058677089406109
4298,0.10416547027283972
5823,0.10446737384899007
8375,0.20048189305657657
5723,0.09548717973936516
5763,0.17360691101173858
8727,0.20717552008320705
3056,0.20717552008320705
8442,0.10015201614495181
3712,0.13666258390339583
10722,0.18303721002135961
2406,0.18741505428768154
7313,0.33253705614479095
2656,0.09936200883144995
1993,0.2080100827537999
4136,0.10194347765839744
2928,0.20494329013273668
2920,0.20494329013273668
6661,0.20528661336519247
5462,0.20528661336519247
10897,0.20528661336519247
10542,0.10395151300099553
5756,0.09993901752594488
3570,0.13080085484187343
1072,0.10405396859687514
9606,0.28978343669977796
2730,0.2586168085343798
2995,0.20478572867061767
8210,0.16956146007556844
773,0.19332930371407425
5272,0.19570591873422574
5125,0.27917497431788457
4391,0.21004352707723048
6283,0.21004352707723048
3421,0.21004352707723048
5731,0.10143587192748074
7152,0.10143587192748074
3919,0.3900173456682697
6097,0.19507564444350273
5150,0.1007620774717481
10479,0.2704055683500599
5966,0.16338230681505042
3439,0.1592119465548261
6609,0.11933857374324917
5393,0.10064586461397887
9014,0.09789398566596244
4050,0.12248767775663975
6862,0.17691394005102906
8315,0.1212516308584907
5184,0.1212516308584907
3643,0.20199751152446976
2589,0.09993901752594488
4887,0.10465154123194866
10104,0.09995493502431878
3254,0.17810893708335965
2004,0.17927838459125742
6142,0.1999850794152466
8553,0.10012318490890344
9805,0.19118635867797334
849,0.19118635867797334
1606,0.10005051920190944
125,0.16284512629807998
9305,0.2803413559200475
4706,0.10182044594354732
4437,0.11127231077549057
3081,0.10416547027283972
3536,0.10035242277805981
8686,0.1000009013942946
9707,0.25683217764530636
10872,0.25683217764530636
9058,0.3963122565344449
4640,0.19688578704187112
2525,0.21543097076069792
9503,0.1467983958061935
10704,0.18448867931451954
2669,0.20386169426568995
10037,0.20386169426568995
5680,0.10177189645229288
3726,0.10416547027283972
4548,0.09631518439422786
4599,0.1929300134967688
879,0.1929300134967688
7409,0.12620534302900777
1964,0.31905775915295964
0,0.23565719231398397
4860,0.10140704069143239
425,0.1900198711367241
9500,0.19821115390123242
3074,0.3804732777641418
5140,0.32256161803370703
2611,0.38307947734981823
916,0.09700398090083935
10413,0.22873723215890446
3696,0.09789398566596244
304,0.09996784876199323
5113,0.3717089485045208
2863,0.20839875115708284
4597,0.3842011900760457
675,0.15845077047737255
4483,0.2606609148813907
1502,0.09917784144849136
736,0.09917784144849136
4487,0.10072902483944673
3412,0.19667692551452925
1744,0.10223010063723562
5837,0.19483057904830015
3422,0.24299332236078214
7462,0.21197412539077085
10702,0.18168417179767457
2115,0.09906856699553086
4138,0.19344061673360852
11091,0.09631518439422786
7712,0.2153995548031073
3535,0.18026683803770271
5899,0.10482419075441364
8749,0.09759904017675679
10955,0.3082140805554288
9491,0.09917784144849136
5286,0.12358107776705804
3409,0.16303015873188692
2544,0.09014575235493542
2118,0.18796883584948762
9370,0.2126966032341224
4864,0.11558708112178877
405,0.1828829851992567
10513,0.2839166243563563
5138,0.10064586461397887
8387,0.10103241753636316
378,0.2257158642316445
5846,0.10081169527936294
8870,0.19342457560083978
10340,0.19342457560083978
7290,0.23488406753003813
8895,0.23488406753003813
3635,0.19843905401848957
11178,0.10143587192748074
2410,0.1986686069009359
3281,0.17546373782869268
9905,0.15676615788499876
2437,0.35223864506659036
2565,0.27614879116055363
7912,0.09917784144849136
7072,0.24870775353863153
1409,0.19357959126131852
5314,0.19357959126131852
7215,0.23272834819749366
8858,0.20766609816013354
895,0.1950584791655573
10313,0.15964958387895467
642,0.1000009013942946
8504,0.281272704195856
1020,0.281272704195856
3717,0.18376417789305624
7646,0.1923507885971593
5796,0.22873723215890446
8625,0.09790760638205537
5407,0.20843533507253237
4356,0.29815663969379175
2886,0.24396016413090207
10057,0.28092806020811467
10741,0.1618313453303048
5491,0.1618313453303048
4442,0.09082778464341967
3972,0.17197267688823487
2431,0.11759378557819784
7899,0.3392977637317578
9703,0.10073870167045669
6927,0.17792236621960011
7005,0.231086922498171
246,0.1636845683988677
4796,0.08924022184954278
4725,0.0918871497549855
3286,0.10045393861249549
10680,0.09557781146411173
4297,0.09557781146411173
7327,0.09121013670955141
1553,0.4114468442062168
1665,0.3464443755470617
10640,0.15206051122517544
7620,0.09640087140991498
7761,0.09670384330242575
5062,0.09987692991800057
6349,0.27457269697617115
3386,0.11704048805867215
8175,0.11704048805867215
6245,0.19023627958808567
8780,0.19023627958808567
2276,0.19116410665840686
1172,0.39445712076371037
3225,0.15626598450523815
8629,0.09693656017663872
798,0.09704583462959925
269,0.22337629011470217
8213,0.09594266722497224
10245,0.18535621606415542
2447,0.09557781146411173
9817,0.2400687229361136
1371,0.20043113872524432
8093,0.19856695598402413
713,0.19018750738712473
11051,0.1926118498522119
5545,0.20313837494123377
5283,0.0995834880820815
5010,0.09704583462959925
7495,0.09664593809781989
4368,0.09633898754156522
6303,0.3315265948262748
1030,0.09987692991800057
10364,0.11569138626361747
6945,0.3041299436614817
8562,0.11903389650250445
2918,0.09546853701115122
9167,0.20791531089208282
4743,0.21617144174940178
10742,0.1523041531472665
10965,0.38457935637437024
7129,0.2142825350313872
3732,0.19260089574134912
7124,0.1109222051194399
10686,0.09928158450593112
7247,0.19516730974961757
1513,0.2637020961313999
460,0.38277456210652416
6653,0.18746585680139602
9400,0.30907758006101055
7106,0.26694140625588614
4252,0.11436650232204913
9240,0.19743804890496178
10770,0.23449088002180207
176,0.10888027436024643
6870,0.11104886143495186
143,0.18202936986201113
6445,0.19873698603417866
4278,0.3863836787544275
6906,0.22507777791393369
4637,0.3630874292804019
8690,0.3171866117942954
1173,0.36243834980854445
1928,0.09752038772821457
9029,0.33057284681989524
10299,0.23939395626103774
9246,0.1734147582050046
4943,0.37063958095317284
4122,0.20562918543152772
2853,0.11388931589192153
902,0.12447644032952095
1672,0.1717516971352267
7254,0.09510062503398413
8775,0.09510062503398413
9543,0.0959733027874022
7093,0.0959733027874022
2894,0.38852897773937206
5956,0.1638140415613621
1921,0.09488489588516334
5057,0.18425732779418635
10260,0.15957012973788764
2262,0.15957012973788764
7930,0.13602828704817505
1461,0.09793172032238545
7514,0.11097733158224267
6461,0.1995398368383908
257,0.24703244053347448
9460,0.11434152208007178
3855,0.11434152208007178
367,0.19464351654339077
9265,0.2864944695024121
1990,0.3837679578137338
3594,0.19043583846838516
9292,0.3171866117942954
6218,0.18203580941826775
6528,0.09676331010090405
10164,0.3347251871140038
9937,0.19141552672198575
274,0.09457794532890869
5250,0.3273332939396277
11010,0.09921557610491437
6969,0.12264822284240545
10735,0.09851122446357446
5068,0.09851122446357446
9974,0.09510062503398413
7053,0.3315265948262748
3179,0.31911435473338995
8082,0.09656864819947163
1362,0.1861030534663546
6768,0.09647306402188097
2375,0.09587771860981154
6856,0.09704320129808697
4066,0.09622665687229814
4333,0.09381676925145518
2948,0.08808501956742955
4927,0.09575934551555804
7426,0.10279745835820299
8360,0.10279745835820299
4058,0.2349230313892872
10755,0.09546548079484463
8414,0.09921557610491437
6810,0.21120632872816367
3839,0.11021852572900524
3483,0.3370820397608004
238,0.2046179319719403
591,0.1927324154803296
5063,0.11373689870556365
4303,0.10203083012243529
2258,0.09656864819947163
7301,0.09546548079484463
11121,0.09704320129808697
5287,0.09510062503398413
6457,0.20328645870579007
3559,0.09622665687229814
5577,0.09673447886485573
641,0.09205380059676203
954,0.12016590495356193
1834,0.0973586555129735
8789,0.15174334713894036
10584,0.19955334021833257
2337,0.09586180111143763
6071,0.23145351198959252
295,0.23145351198959252
10203,0.09656864819947163
3968,0.27254343300027206
4037,0.0959733027874022
6932,0.3932821792077432
10159,0.2346329383469679
1177,0.09460677656495706
9426,0.19612680563654927
10637,0.09500504085639346
10826,0.1158095452455593
4086,0.1158095452455593
10304,0.1158095452455593
7998,0.09381676925145518
10992,0.20958386507190652
6383,0.09921557610491437
10536,0.09921557610491437
6036,0.3787547014019358
11092,0.09381676925145518
538,0.08802080329534846
10022,0.09997897940537197
10157,0.10966791012513097
3503,0.20043113872524432
146,0.28896219512593463
5538,0.37235367026142824
3910,0.37235367026142824
4227,0.09578135789452549
6634,0.0973586555129735
8916,0.0958640283344417
6460,0.09510062503398413
5883,0.19113923039723918
10091,0.1926060084118289
697,0.3919874805865625
2607,0.19619500370401788
8427,0.32906516842583367
217,0.32906516842583367
6202,0.19762557785074686
3856,0.19762557785074686
10648,0.27113788747611905
5120,0.27113788747611905
6749,0.3460536131846371
1584,0.19284364179870622
9559,0.21364519788208625
771,0.08729501225392769
5237,0.09910630165195389
2461,0.08960182072890374
5474,0.11335458737518993
2895,0.09627520636355255
7972,0.20711881560917741
10067,0.09505430276573378
500,0.39106498592790856
922,0.09564964817780322
2861,0.0959733027874022
375,0.20145578778017967
10936,0.3681951918132118
10314,0.28825376342033343
4240,0.09510062503398413
2674,0.18291744467049573
2563,0.11761159256332056
8312,0.11761159256332056
6999,0.23154816070524756
7574,0.09763677483317978
5223,0.09284380791026389
2952,0.09665180842493949
7683,0.1872468936577133
9481,0.09510062503398413
9907,0.20382142409603954
5454,0.09853323684254192
3798,0.09457794532890869
7281,0.11905993083494242
4259,0.09547945431837514
2549,0.10262617553450472
6437,0.09693350396033214
2488,0.0949428010897692
3945,0.21719609080433713
702,0.18586612635674338
9010,0.41610298200329576
9710,0.2069749545325021
1509,0.22698573660765234
9120,0.21015941661034376
5252,0.09656864819947163
5959,0.15522792686645726
7441,0.3063147339904198
4271,0.16396448555859502
4095,0.19333708509580494
8852,0.20893995994701814
7698,0.1003901574344828
4174,0.08881081060885032
3182,0.16262576995642386
193,0.12103858270698002
5229,0.10068359927040188
5555,0.11508868954846972
7732,0.18792170756875348
310,0.18892514308555622
6261,0.17961461050909197
6274,0.3532143195257569
1655,0.09656864819947163
2740,0.09910630165195389
4328,0.09622665687229814
17,0.21364519788208625
9153,0.21364519788208625
520,0.0959733027874022
8372,0.0959733027874022
73,0.09997897940537197
2002,0.377548318761326
6059,0.2578633059136655
11166,0.15502762199765702
6257,0.18203580941826775
9224,0.21719609080433713
8732,0.2987262343010256
955,0.16071568269758296
4910,0.3669818437596028
564,0.21530718408632255
8931,0.343815420067128
1998,0.09586180111143763
1250,0.09586180111143763
8397,0.0952847924169427
9672,0.0949428010897692
2125,0.20664887514493369
5975,0.10068359927040188
983,0.14419374282797032
9938,0.31186545361859425
4385,0.09997675218236787
1612,0.09997675218236787
803,0.0958640283344417
10675,0.20981552551265595
7004,0.09704320129808697
4432,0.09510062503398413
5079,0.09381676925145518
4475,0.4112203510820759
10868,0.27099615492889134
6742,0.0959733027874022
5692,0.09739170814527487
339,0.19822067746415947
10398,0.0963381585482627
8017,0.0949428010897692
3722,0.09457794532890869
7326,0.08955304273291706
2416,0.27411198390760527
1878,0.11885027449557656
5278,0.23839703945070265
5734,0.09910630165195389
4370,0.09457794532890869
8405,0.11501271132295232
7617,0.12049983023398138
10339,0.09665180842493949
6376,0.18222746372210236
2150,0.305807472331449
7386,0.09656864819947163
3006,0.09656864819947163
11088,0.34873201093674844
5185,0.17774774670287402
3523,0.1955463455776727
55,0.19469012331948998
3807,0.19373637531311036
2453,0.19489332356611425
7787,0.19489332356611425
2230,0.1003901574344828
8146,0.09683597580789806
988,0.25811558542433943
4832,0.09510062503398413
3152,0.09499135058102363
11188,0.09499135058102363
361,0.09547945431837514
5939,0.09499135058102363
9349,0.23671750040290232
819,0.2362413201181582
10120,0.11388931589192153
4541,0.11388931589192153
2456,0.12797855213196835
2516,0.09113480057509364
11013,0.20711881560917741
9988,0.19212370931122155
1627,0.22609206892338674
1490,0.20229137419495608
6710,0.09536795264241055
7375,0.17884026699914252
10144,0.17884026699914252
3138,0.3674348279491819
1440,0.23952583749609108
4200,0.1592122298523329
4998,0.20857471246550785
7321,0.20857471246550785
8663,0.09545062308232678
1958,0.19723964192201365
6963,0.21974295800195204
1065,0.3817895725924608
2712,0.18427083117412818
6049,0.38931800379661297
6605,0.22026428639353882
11181,0.11668531032145359
5234,0.09535620634188413
5253,0.15512251347529343
11148,0.0959733027874022
6289,0.09578135789452549
9743,0.33646335730416427
9209,0.3305807987259361
6417,0.3305807987259361
7937,0.11656330162854457
6488,0.1003901574344828
3194,0.2679660553108215
231,0.09578135789452549
9697,0.1880920256380721
4676,0.3301202592296407
8079,0.08802080329534846
10032,0.09586180111143763
10505,0.2071029690856177
2005,0.09586180111143763
6940,0.11773328481518867
2304,0.19551523827501655
3170,0.2071029690856177
10466,0.09076994481423313
7325,0.1018581805999703
455,0.11892109847898193
7592,0.11892109847898193
4547,0.0952847924169427
6825,0.09468944700487328
2961,0.16033130581534114
8700,0.11538239332037951
2278,0.09622665687229814
10703,0.09460677656495706
9,0.09460677656495706
2804,0.09460677656495706
4915,0.19089777005233852
3010,0.3825472193303603
4279,0.08770864601077488
2564,0.09586180111143763
1137,0.2974856936062992
5084,0.2043111077607254
7094,0.2043111077607254
6327,0.20711881560917741
6131,0.15692133383802165
5798,0.20190988172086366
10379,0.19202183612803675
606,0.09468944700487328
7801,0.18821285542407717
2445,0.10068359927040188
5346,0.09546548079484463
550,0.1867625629611931
4478,0.1916124575249207
2350,0.2095467106309006
1118,0.1978610393718764
1491,0.18487902963402786
4507,0.27907865397934406
7023,0.1638140415613621
6977,0.33646335730416427
4042,0.09510062503398413
7274,0.4158903484075124
2902,0.09645937374651113
3332,0.1126988246889002
7433,0.1126988246889002
9386,0.12724461543592241
5176,0.09851122446357446
10323,0.12394412743659057
4682,0.14328987939756144
3083,0.16851264789423556
8015,0.27411198390760527
1745,0.27411198390760527
3136,0.19185151805871814
6991,0.19393122888191172
8132,0.1998717463068224
503,0.09589063234748599
8148,0.18913415833048153
2736,0.19116310051302332
8162,0.12003660212567141
692,0.09545062308232678
7706,0.21281246992323852
9298,0.38218817309521763
2986,0.09545062308232678
10812,0.09616875166769229
2909,0.25143514931170435
6974,0.3357278476189628
9140,0.0949428010897692
4554,0.17168587332051924
7791,0.09607479973044457
5455,0.09921557610491437
7960,0.3136480572864661
3426,0.309191273086318
5316,0.11780740288273041
1404,0.12360125447812209
10598,0.09381676925145518
8212,0.09589063234748599
3233,0.21364519788208625
7892,0.11656330162854457
2975,0.34564347884865415
5043,0.1620116348567429
3104,0.3920187339342881
10854,0.09793172032238545
7419,0.09665180842493949
5558,0.35865275744130776
832,0.19844161324817855
4964,0.22548075856132463
11030,0.09752448617835759
4587,0.13594719230051097
450,0.10606006437635873
11031,0.1005743248174414
4990,0.23044504581924
221,0.11335458737518993
4351,0.0952847924169427
1357,0.2898182436307202
5667,0.3412499399524772
8867,0.3878389315015501
2747,0.3878389315015501
7422,0.15957012973788764
4148,0.17089973290075597
9516,0.2781999389336081
1291,0.16600634480935608
1833,0.09967196293539486
7270,0.267819913001927
8182,0.09438243053489619
10394,0.3171585001309603
1142,0.167238909149699
451,0.09585045370038368
7128,0.09808620357671557
10678,0.21019977493634345
7755,0.16600634480935608
4754,0.09212561341117595
20,0.0917004618585346
2246,0.0917004618585346
10307,0.18177326384233214
2147,0.41493660040113284
10590,0.3347740996125832
6565,0.344527707728607
6619,0.09456659791785473
4817,0.11449600533440192
4508,0.21472555200772445
4843,0.21472555200772445
9197,0.09555701186446461
6237,0.17827553740532287
6515,0.0928036292631616
5954,0.09517243784839804
7938,0.17661849492713372
961,0.17965301209173948
1764,0.16076894313946977
1916,0.18282540202836065
6941,0.11731313029494414
5562,0.19469012331948998
1517,0.09585045370038368
7286,0.09779302996448652
4687,0.3533774557204441
5631,0.20637917331973935
1951,0.22495769833335352
123,0.18219165362907494
9451,0.3162405030047592
7396,0.32785483140380783
3298,0.21281246992323852
6730,0.09309857475236721
9916,0.09309857475236721
2227,0.1174252329084546
946,0.1174252329084546
3745,0.09474728629575668
4094,0.15695073096240894
8588,0.15695073096240894
3916,0.21284961140164874
9135,0.09456659791785473
1755,0.08894300938782759
2875,0.24095380041841646
2008,0.23121645172923116
10925,0.23455874172749755
1604,0.1280958879267028
5389,0.1617013997311762
2878,0.1715039485924878
4440,0.19618867911454024
1324,0.09565797536560275
6262,0.33577084674782987
3628,0.09842361157550883
3641,0.09641915144305627
322,0.09132729514585175
175,0.3056815108183118
6988,0.3056815108183118
8204,0.2773669011276019
7476,0.25738934735901664
5221,0.2138946394339812
8970,0.1989218143988041
9286,0.2174053354856233
5831,0.3631934821814942
1010,0.087901140581533
11074,0.31320443513427965
5896,0.1838659587247635
3515,0.0968325566951712
5324,0.19107038215884528
6534,0.09830057986065871
8373,0.09912363980646194
3829,0.09912363980646194
4501,0.3273731569691376
4179,0.11866805144853329
2292,0.09830057986065871
9239,0.08869114789503486
8953,0.09782042166700146
10258,0.09782042166700146
3520,0.21399089746312683
10402,0.09584214274856134
11114,0.09565797536560275
9553,0.1174789609603282
6055,0.27523245494440557
4786,0.21107122994030664
5015,0.09644798267910462
8560,0.21269099563985505
3469,0.10043164691810691
5885,0.16192804331761632
3310,0.16192804331761632
2134,0.19665107524345993
2532,0.3229742356058432
2579,0.1969232664959633
3117,0.18054044523077079
5623,0.09791600584459212
4789,0.36420023259714035
9523,0.09348382868179876
5268,0.09437411958307383
1545,0.1968302205151221
2254,0.3363536903278983
2661,0.09554870091264225
3130,0.09554870091264225
5847,0.2064965888051393
5863,0.19665107524345993
999,0.2247743312464807
2931,0.2758565505606118
1890,0.09561165309735241
5589,0.20303185511982175
10172,0.3355978608528766
6729,0.3355978608528766
10492,0.08804802729353031
2939,0.3457372417044599
5948,0.11510325011718292
574,0.11674511556287062
3266,0.11674511556287062
10500,0.0968325566951712
7987,0.19160372325072558
1135,0.1129222826923539
24,0.1129222826923539
7244,0.09513529566052734
1966,0.3676835342844068
7789,0.3676835342844068
3336,0.2038877530591073
5644,0.16508197458410842
1295,0.18773930856832316
6663,0.12222523953562282
10262,0.09554870091264225
456,0.09602283112646326
3270,0.0979654073905661
5748,0.17927599451577828
8952,0.19811302406214382
3921,0.11444227728252832
9826,0.3985431282781928
5830,0.3985431282781928
8310,0.30907147102138033
6382,0.0948763165582894
8439,0.19985052689584504
7613,0.16871497450161482
48,0.10383348302333972
5046,0.324271135441224
3231,0.09728232224987002
7181,0.0958142990843825
1663,0.10333984958490311
5441,0.17737580794872346
8602,0.21603531286106473
9925,0.12602659720730056
9499,0.32704330111543295
6568,0.09728232224987002
3032,0.10309020868181867
5153,0.3082087645080475
4127,0.3082087645080475
9940,0.19453234759342825
7527,0.09660430639788437
3406,0.1635218942163203
9771,0.17616480085851102
6722,0.21491868259693367
213,0.09864539437278383
8541,0.09927841070298184
8475,0.30195408292049697
8070,0.11968149975788017
313,0.4001635803756586
9757,0.3625391285901946
2088,0.3625391285901946
2320,0.20790879326383066
966,0.20190968749119897
9706,0.09992925015531276
3979,0.38861339671431844
5602,0.290619394553432
2202,0.10038157810760884
9645,0.2933424620526806
7230,0.2158724306033132
5675,0.2158724306033132
4974,0.28510490716099995
5687,0.3582017650924515
5871,0.19980264606800582
3846,0.17177044503780364
10001,0.09812173110934586
2831,0.23480167387078033
868,0.0999681728554939
7212,0.0999681728554939
1743,0.16195054454177835
2415,0.20323110174877726
7947,0.0990977223250799
2106,0.11606662416679558
3363,0.11606662416679558
8595,0.09891355494212134
7232,0.09891355494212134
7829,0.10074643386846935
9977,0.19792150902209574
10142,0.2061776398794147
5263,0.09764717801073053
22,0.16722793729757301
528,0.31984856282864255
4070,0.2222471604696337
